title,source,date
Дмитриев предложил ЕС наслаждаться плодами русофобии без нефти и газа,rt_ru,2026-03-22 23:14:00
Comisión de Ambiente elabora un informe de la contaminación en el río Pacora,telemetro,2026-03-22 23:14:00
"84만 관객 모은 세븐틴 월드투어, 이제 앙코르만 남았다",chosun,2026-03-22 23:14:00
أفراح العيد في مكة المكرمة.. جلسات عائلية وألعاب ترفيهية للأطفال,alyaum,2026-03-22 23:14:00
Bubba Wallace in expletive message as Denny Hamlin incident ruins race,express,2026-03-22 23:14:00
Nhan sắc Lamoon - ca sĩ đang gây xôn xao mạng xã hội,thanhnien_vn,2026-03-22 23:14:00
Το NBA αφαίρεσε την τεχνική ποινή στον Ντόντσιτς - Διαθέσιμος για το ματς με τους Πίστονς,sdna,2026-03-22 23:14:00
‘Buffy the Vampire Slayer’ Cast Pay Tribute to Nicholas Brendon,yahoo,2026-03-22 23:14:00
UK agrees deal to ease migrant returns to Nigeria,myjoyonline,2026-03-22 23:14:00
Soltész Miklós: Most nekünk kell Nyugat- és Észak-Európát újra keresztelni,magyarhirlap,2026-03-22 23:14:00
